feature_a,feature_b,site_count,percent_of_css_sites
media_queries,transforms,1961,88.733
media_queries,transitions,1940,87.783
transforms,transitions,1935,87.557
flexbox,media_queries,1921,86.923
fixed_position,media_queries,1914,86.606
fixed_position,transforms,1911,86.471
flexbox,transforms,1910,86.425
fixed_position,transitions,1886,85.339
flexbox,transitions,1878,84.977
media_queries,pointer_events,1877,84.932
pointer_events,transforms,1876,84.887
font_face,media_queries,1875,84.842
font_face,transforms,1863,84.299
pointer_events,transitions,1861,84.208
fixed_position,pointer_events,1850,83.71
fixed_position,flexbox,1847,83.575
flexbox,pointer_events,1843,83.394
fixed_position,font_face,1840,83.258
font_face,transitions,1840,83.258
flexbox,font_face,1804,81.629
font_face,pointer_events,1803,81.584
keyframes,transforms,1662,75.204
media_queries,shadows,1653,74.796
animations,transforms,1643,74.344
shadows,transforms,1640,74.208
keyframes,media_queries,1633,73.891
shadows,transitions,1631,73.801
animations,keyframes,1628,73.665
keyframes,transitions,1628,73.665
animations,media_queries,1616,73.122
flexbox,keyframes,1610,72.851
animations,transitions,1608,72.76
flexbox,shadows,1605,72.624
fixed_position,keyframes,1604,72.579
fixed_position,shadows,1597,72.262
animations,flexbox,1591,71.991
animations,fixed_position,1585,71.719
keyframes,pointer_events,1585,71.719
pointer_events,shadows,1579,71.448
font_face,shadows,1565,70.814
animations,pointer_events,1564,70.769
transforms,user_select,1560,70.588
font_face,keyframes,1556,70.407
media_queries,user_select,1556,70.407
pointer_events,user_select,1549,70.09
fixed_position,user_select,1544,69.864
transitions,user_select,1543,69.819
animations,font_face,1538,69.593
flexbox,user_select,1523,68.914
custom_properties,media_queries,1515,68.552
font_face,user_select,1514,68.507
custom_properties,flexbox,1513,68.462
media_queries,object_fit_position,1510,68.326
flexbox,object_fit_position,1509,68.281
object_fit_position,transforms,1507,68.19
custom_properties,transforms,1502,67.964
object_fit_position,transitions,1501,67.919
fixed_position,object_fit_position,1496,67.692
object_fit_position,pointer_events,1492,67.511
custom_properties,pointer_events,1487,67.285
custom_properties,transitions,1486,67.24
custom_properties,fixed_position,1463,66.199
font_face,object_fit_position,1461,66.109
custom_properties,font_face,1457,65.928
keyframes,shadows,1443,65.294
gradients,media_queries,1437,65.023
animations,shadows,1433,64.842
gradients,transforms,1433,64.842
gradients,transitions,1431,64.751
flexbox,gradients,1422,64.344
fixed_position,gradients,1408,63.71
gradients,pointer_events,1402,63.439
grid,media_queries,1376,62.262
flexbox,grid,1374,62.172
font_face,gradients,1370,61.991
grid,transforms,1362,61.629
grid,transitions,1352,61.176
grid,pointer_events,1351,61.131
shadows,user_select,1336,60.452
keyframes,user_select,1335,60.407
fixed_position,grid,1334,60.362
animations,user_select,1321,59.774
custom_properties,shadows,1319,59.683
font_face,grid,1317,59.593
object_fit_position,shadows,1311,59.321
keyframes,object_fit_position,1307,59.14
gradients,shadows,1304,59.005
custom_properties,object_fit_position,1303,58.959
animations,object_fit_position,1298,58.733
custom_properties,keyframes,1297,58.688
animations,custom_properties,1285,58.145
gradients,keyframes,1278,57.828
animations,gradients,1268,57.376
flexbox,gap,1267,57.33
transform_3d,transforms,1267,57.33
gap,media_queries,1266,57.285
object_fit_position,user_select,1262,57.104
media_queries,transform_3d,1256,56.833
fixed_position,transform_3d,1253,56.697
transform_3d,transitions,1252,56.652
custom_properties,grid,1248,56.471
gap,transforms,1246,56.38
gap,transitions,1240,56.109
custom_properties,user_select,1237,55.973
pointer_events,transform_3d,1234,55.837
gap,pointer_events,1229,55.611
fixed_position,gap,1228,55.566
flexbox,transform_3d,1227,55.52
grid,shadows,1222,55.294
font_face,transform_3d,1221,55.249
grid,object_fit_position,1214,54.932
filter_effects,media_queries,1208,54.661
font_face,gap,1206,54.57
filter_effects,transforms,1205,54.525
filter_effects,transitions,1204,54.48
transforms,will_change,1203,54.434
media_queries,will_change,1202,54.389
gradients,user_select,1201,54.344
pointer_events,will_change,1201,54.344
flexbox,will_change,1199,54.253
filter_effects,fixed_position,1197,54.163
fixed_position,will_change,1196,54.118
transitions,will_change,1192,53.937
custom_properties,gradients,1188,53.756
grid,keyframes,1188,53.756
animations,grid,1184,53.575
gradients,object_fit_position,1183,53.529
filter_effects,pointer_events,1179,53.348
filter_effects,flexbox,1168,52.851
filter_effects,font_face,1166,52.76
font_face,will_change,1166,52.76
custom_properties,gap,1142,51.674
keyframes,transform_3d,1142,51.674
animations,transform_3d,1132,51.222
grid,user_select,1127,50.995
gradients,grid,1108,50.136
filter_effects,shadows,1107,50.09
gap,shadows,1107,50.09
custom_scrollbars,media_queries,1105,50.0
shadows,transform_3d,1101,49.819
custom_scrollbars,flexbox,1100,49.774
gap,object_fit_position,1100,49.774
custom_scrollbars,transforms,1099,49.729
custom_scrollbars,pointer_events,1098,49.683
custom_scrollbars,fixed_position,1094,49.502
custom_scrollbars,transitions,1090,49.321
gap,grid,1081,48.914
custom_scrollbars,font_face,1079,48.824
filter_effects,keyframes,1076,48.688
gap,keyframes,1076,48.688
animations,filter_effects,1070,48.416
animations,gap,1067,48.281
transform_3d,user_select,1065,48.19
keyframes,will_change,1032,46.697
user_select,will_change,1027,46.471
object_fit_position,transform_3d,1026,46.425
object_fit_position,will_change,1025,46.38
shadows,will_change,1018,46.063
animations,will_change,1016,45.973
filter_effects,object_fit_position,1012,45.792
filter_effects,gradients,1011,45.747
gap,gradients,1011,45.747
gap,user_select,1011,45.747
custom_properties,will_change,1004,45.43
filter_effects,user_select,1002,45.339
gradients,transform_3d,1000,45.249
custom_properties,filter_effects,999,45.204
aspect_ratio,flexbox,990,44.796
aspect_ratio,media_queries,989,44.751
aspect_ratio,transforms,986,44.615
aspect_ratio,pointer_events,984,44.525
custom_properties,custom_scrollbars,979,44.299
aspect_ratio,fixed_position,977,44.208
aspect_ratio,transitions,975,44.118
custom_properties,transform_3d,971,43.937
custom_scrollbars,object_fit_position,967,43.756
aspect_ratio,font_face,961,43.484
custom_scrollbars,keyframes,961,43.484
custom_scrollbars,shadows,959,43.394
animations,custom_scrollbars,954,43.167
custom_scrollbars,user_select,947,42.851
gradients,will_change,943,42.67
filter_effects,grid,942,42.624
aspect_ratio,custom_properties,923,41.765
flexbox,sticky_position,919,41.584
media_queries,sticky_position,917,41.493
sticky_position,transforms,917,41.493
aspect_ratio,object_fit_position,915,41.403
pointer_events,sticky_position,912,41.267
fixed_position,sticky_position,910,41.176
sticky_position,transitions,909,41.131
grid,transform_3d,907,41.041
fixed_position,selection_marker_styling,905,40.95
media_queries,selection_marker_styling,904,40.905
selection_marker_styling,transforms,904,40.905
selection_marker_styling,transitions,904,40.905
grid,will_change,903,40.86
blend_modes,transforms,902,40.814
custom_scrollbars,grid,900,40.724
blend_modes,media_queries,900,40.724
blend_modes,flexbox,897,40.588
blend_modes,fixed_position,896,40.543
font_face,sticky_position,893,40.407
blend_modes,pointer_events,891,40.317
blend_modes,transitions,891,40.317
pointer_events,selection_marker_styling,887,40.136
font_face,selection_marker_styling,885,40.045
custom_scrollbars,gradients,884,40.0
media_queries,overscroll_behavior,883,39.955
flexbox,selection_marker_styling,881,39.864
overscroll_behavior,pointer_events,880,39.819
overscroll_behavior,transforms,880,39.819
filter_effects,gap,879,39.774
gap,will_change,879,39.774
flexbox,overscroll_behavior,878,39.729
aspect_ratio,shadows,877,39.683
fixed_position,overscroll_behavior,876,39.638
clip_path,media_queries,875,39.593
overscroll_behavior,transitions,874,39.548
clip_path,flexbox,874,39.548
aspect_ratio,grid,871,39.412
clip_path,transforms,871,39.412
blend_modes,font_face,867,39.231
aspect_ratio,keyframes,865,39.14
touch_action,transforms,865,39.14
touch_action,transitions,864,39.095
clip_path,transitions,862,39.005
media_queries,touch_action,861,38.959
object_fit_position,sticky_position,861,38.959
animations,aspect_ratio,860,38.914
clip_path,pointer_events,860,38.914
pointer_events,touch_action,859,38.869
fixed_position,touch_action,856,38.733
clamp_min_max,flexbox,855,38.688
font_face,overscroll_behavior,855,38.688
clamp_min_max,media_queries,854,38.643
clip_path,fixed_position,854,38.643
flexbox,touch_action,851,38.507
clamp_min_max,transforms,848,38.371
custom_properties,sticky_position,844,38.19
grid,sticky_position,844,38.19
filter_effects,transform_3d,843,38.145
keyframes,sticky_position,840,38.009
shadows,sticky_position,840,38.009
clamp_min_max,transitions,839,37.964
clip_path,font_face,839,37.964
font_face,touch_action,837,37.873
clamp_min_max,pointer_events,836,37.828
animations,sticky_position,835,37.783
aspect_ratio,user_select,825,37.33
aspect_ratio,gap,822,37.195
custom_scrollbars,gap,821,37.149
clamp_min_max,fixed_position,820,37.104
clamp_min_max,font_face,816,36.923
transform_3d,will_change,815,36.878
clamp_min_max,custom_properties,814,36.833
aspect_ratio,gradients,808,36.561
clip_path,custom_properties,801,36.244
blend_modes,object_fit_position,798,36.109
gap,transform_3d,796,36.018
keyframes,touch_action,788,35.656
touch_action,user_select,788,35.656
shadows,touch_action,787,35.611
keyframes,selection_marker_styling,786,35.566
custom_properties,overscroll_behavior,784,35.475
clip_path,object_fit_position,784,35.475
filter_effects,will_change,782,35.385
dynamic_viewport_units,flexbox,781,35.339
animations,touch_action,780,35.294
selection_marker_styling,shadows,780,35.294
animations,clip_path,780,35.294
dynamic_viewport_units,media_queries,779,35.249
blend_modes,keyframes,778,35.204
sticky_position,user_select,778,35.204
dynamic_viewport_units,fixed_position,777,35.158
dynamic_viewport_units,pointer_events,777,35.158
dynamic_viewport_units,transitions,777,35.158
clip_path,keyframes,777,35.158
dynamic_viewport_units,transforms,775,35.068
blend_modes,shadows,775,35.068
clip_path,shadows,775,35.068
animations,selection_marker_styling,773,34.977
object_fit_position,overscroll_behavior,771,34.887
animations,blend_modes,770,34.842
selection_marker_styling,user_select,769,34.796
custom_scrollbars,will_change,768,34.751
custom_scrollbars,filter_effects,767,34.706
interaction_media_queries,media_queries,766,34.661
dynamic_viewport_units,font_face,764,34.57
flexbox,interaction_media_queries,763,34.525
interaction_media_queries,transitions,763,34.525
interaction_media_queries,pointer_events,762,34.48
interaction_media_queries,transforms,762,34.48
blend_modes,custom_properties,762,34.48
fixed_position,interaction_media_queries,759,34.344
blend_modes,user_select,759,34.344
gradients,sticky_position,756,34.208
clamp_min_max,shadows,755,34.163
overscroll_behavior,user_select,754,34.118
custom_properties,dynamic_viewport_units,747,33.801
object_fit_position,selection_marker_styling,747,33.801
font_face,interaction_media_queries,744,33.665
clamp_min_max,object_fit_position,743,33.62
clip_path,grid,743,33.62
custom_properties,touch_action,741,33.529
custom_scrollbars,transform_3d,740,33.484
gradients,touch_action,739,33.439
clamp_min_max,keyframes,738,33.394
animations,clamp_min_max,737,33.348
clamp_min_max,grid,737,33.348
overscroll_behavior,shadows,736,33.303
keyframes,overscroll_behavior,734,33.213
clip_path,gradients,732,33.122
clip_path,user_select,731,33.077
custom_properties,selection_marker_styling,730,33.032
aspect_ratio,filter_effects,728,32.941
object_fit_position,touch_action,728,32.941
animations,overscroll_behavior,727,32.896
aspect_ratio,will_change,724,32.76
media_queries,svg_data_uri,722,32.67
dynamic_viewport_units,object_fit_position,721,32.624
svg_data_uri,transforms,719,32.534
svg_data_uri,transitions,716,32.398
flexbox,svg_data_uri,715,32.353
blend_modes,grid,713,32.262
fixed_position,svg_data_uri,712,32.217
clamp_min_max,gap,711,32.172
custom_properties,interaction_media_queries,710,32.127
gap,sticky_position,710,32.127
pointer_events,svg_data_uri,710,32.127
grid,overscroll_behavior,705,31.9
clip_path,gap,705,31.9
dynamic_viewport_units,grid,704,31.855
blend_modes,gradients,702,31.765
font_face,svg_data_uri,699,31.629
aspect_ratio,custom_scrollbars,696,31.493
flexbox,is_where_selectors,696,31.493
backdrop_filter,flexbox,695,31.448
backdrop_filter,transforms,694,31.403
is_where_selectors,media_queries,694,31.403
shadows,svg_data_uri,694,31.403
gradients,selection_marker_styling,693,31.357
backdrop_filter,fixed_position,692,31.312
backdrop_filter,media_queries,692,31.312
dynamic_viewport_units,shadows,692,31.312
backdrop_filter,pointer_events,691,31.267
clamp_min_max,user_select,691,31.267
backdrop_filter,transitions,690,31.222
clamp_min_max,gradients,687,31.086
custom_properties,is_where_selectors,687,31.086
interaction_media_queries,object_fit_position,687,31.086
is_where_selectors,transforms,686,31.041
is_where_selectors,transitions,686,31.041
is_where_selectors,pointer_events,681,30.814
dynamic_viewport_units,keyframes,680,30.769
fixed_position,is_where_selectors,680,30.769
keyframes,svg_data_uri,680,30.769
animations,dynamic_viewport_units,677,30.633
animations,svg_data_uri,675,30.543
gradients,overscroll_behavior,672,30.407
is_where_selectors,shadows,667,30.181
backdrop_filter,font_face,663,30.0
flexbox,font_features,662,29.955
grid,selection_marker_styling,662,29.955
font_features,media_queries,661,29.91
interaction_media_queries,shadows,661,29.91
perspective,transforms,661,29.91
font_face,is_where_selectors,660,29.864
font_features,transforms,660,29.864
perspective,transitions,660,29.864
aspect_ratio,transform_3d,659,29.819
sticky_position,transform_3d,659,29.819
custom_scrollbars,sticky_position,658,29.774
filter_effects,sticky_position,657,29.729
media_queries,perspective,657,29.729
fixed_position,perspective,656,29.683
font_features,pointer_events,655,29.638
overscroll_behavior,will_change,653,29.548
svg_data_uri,user_select,653,29.548
gap,overscroll_behavior,652,29.502
perspective,pointer_events,652,29.502
grid,is_where_selectors,651,29.457
dynamic_viewport_units,gap,650,29.412
grid,touch_action,650,29.412
clip_path,will_change,650,29.412
dynamic_viewport_units,user_select,649,29.367
font_features,transitions,649,29.367
flexbox,perspective,648,29.321
backdrop_filter,custom_properties,646,29.231
interaction_media_queries,keyframes,646,29.231
font_face,perspective,646,29.231
backdrop_filter,object_fit_position,644,29.14
object_fit_position,svg_data_uri,642,29.05
aspect_ratio,dynamic_viewport_units,641,29.005
backdrop_filter,keyframes,640,28.959
animations,interaction_media_queries,639,28.914
fixed_position,font_features,639,28.914
gap,touch_action,639,28.914
aspect_ratio,sticky_position,639,28.914
blend_modes,transform_3d,639,28.914
touch_action,transform_3d,638,28.869
backdrop_filter,shadows,637,28.824
font_face,font_features,637,28.824
sticky_position,will_change,637,28.824
animations,backdrop_filter,633,28.643
filter_effects,touch_action,633,28.643
grid,interaction_media_queries,629,28.462
custom_scrollbars,overscroll_behavior,628,28.416
is_where_selectors,object_fit_position,628,28.416
backdrop_filter,grid,627,28.371
gap,is_where_selectors,627,28.371
interaction_media_queries,user_select,627,28.371
selection_marker_styling,will_change,626,28.326
blend_modes,gap,626,28.326
custom_properties,svg_data_uri,625,28.281
dynamic_viewport_units,gradients,624,28.235
gradients,svg_data_uri,624,28.235
clamp_min_max,will_change,623,28.19
gap,interaction_media_queries,623,28.19
blend_modes,filter_effects,623,28.19
blend_modes,will_change,621,28.1
grid,svg_data_uri,617,27.919
clip_path,custom_scrollbars,616,27.873
animations,is_where_selectors,614,27.783
is_where_selectors,keyframes,614,27.783
selection_marker_styling,transform_3d,614,27.783
media_queries,scroll_behavior,611,27.647
flexbox,scroll_behavior,609,27.557
scroll_behavior,transforms,609,27.557
scroll_behavior,transitions,609,27.557
gradients,interaction_media_queries,608,27.511
aspect_ratio,clamp_min_max,607,27.466
clip_path,transform_3d,607,27.466
fixed_position,scroll_behavior,606,27.421
pointer_events,scroll_behavior,606,27.421
clip_path,filter_effects,606,27.421
gap,selection_marker_styling,605,27.376
masks,media_queries,605,27.376
keyframes,perspective,605,27.376
font_features,shadows,604,27.33
masks,transforms,604,27.33
animations,perspective,604,27.33
backdrop_filter,gradients,603,27.285
touch_action,will_change,603,27.285
masks,pointer_events,601,27.195
masks,transitions,601,27.195
flexbox,masks,600,27.149
fixed_position,masks,599,27.104
aspect_ratio,overscroll_behavior,598,27.059
focus_visible,media_queries,598,27.059
flexbox,focus_visible,597,27.014
focus_visible,transforms,597,27.014
perspective,shadows,597,27.014
custom_properties,font_features,596,26.968
focus_visible,transitions,596,26.968
custom_scrollbars,touch_action,594,26.878
backdrop_filter,user_select,593,26.833
clamp_min_max,filter_effects,592,26.787
font_face,masks,592,26.787
overscroll_behavior,transform_3d,592,26.787
gradients,is_where_selectors,591,26.742
focus_visible,pointer_events,591,26.742
clamp_min_max,custom_scrollbars,589,26.652
font_face,scroll_behavior,588,26.606
perspective,transform_3d,587,26.561
fixed_position,focus_visible,586,26.516
blend_modes,custom_scrollbars,584,26.425
is_where_selectors,user_select,580,26.244
dynamic_viewport_units,filter_effects,578,26.154
focus_visible,font_face,576,26.063
interaction_media_queries,will_change,575,26.018
aspect_ratio,clip_path,574,25.973
perspective,user_select,574,25.973
custom_properties,scroll_behavior,573,25.928
dynamic_viewport_units,will_change,573,25.928
filter_effects,selection_marker_styling,571,25.837
gradients,masks,571,25.837
backdrop_filter,gap,570,25.792
custom_scrollbars,selection_marker_styling,570,25.792
custom_properties,focus_visible,570,25.792
object_fit_position,scroll_behavior,567,25.656
focus_visible,shadows,566,25.611
font_features,object_fit_position,565,25.566
custom_scrollbars,dynamic_viewport_units,564,25.52
font_features,grid,564,25.52
focus_visible,keyframes,564,25.52
gradients,perspective,562,25.43
object_fit_position,perspective,561,25.385
filter_effects,overscroll_behavior,560,25.339
animations,focus_visible,559,25.294
font_features,keyframes,558,25.249
flexbox,supports_queries,558,25.249
media_queries,supports_queries,558,25.249
animations,font_features,557,25.204
svg_data_uri,transform_3d,556,25.158
supports_queries,transforms,555,25.113
pointer_events,supports_queries,551,24.932
aspect_ratio,blend_modes,548,24.796
focus_visible,object_fit_position,548,24.796
masks,shadows,547,24.751
supports_queries,transitions,547,24.751
backdrop_filter,filter_effects,546,24.706
font_features,user_select,546,24.706
animations,scroll_behavior,545,24.661
keyframes,scroll_behavior,545,24.661
flexbox,logical_properties,544,24.615
logical_properties,media_queries,544,24.615
custom_properties,masks,543,24.57
scroll_behavior,shadows,543,24.57
focus_visible,grid,543,24.57
font_features,gap,542,24.525
keyframes,masks,542,24.525
custom_properties,perspective,542,24.525
logical_properties,pointer_events,539,24.389
logical_properties,transforms,539,24.389
masks,object_fit_position,538,24.344
animations,masks,537,24.299
dynamic_viewport_units,sticky_position,537,24.299
clip_path,sticky_position,537,24.299
clamp_min_max,transform_3d,534,24.163
filter_effects,is_where_selectors,533,24.118
font_features,gradients,533,24.118
custom_scrollbars,interaction_media_queries,532,24.072
fixed_position,supports_queries,532,24.072
font_face,supports_queries,532,24.072
dynamic_viewport_units,overscroll_behavior,531,24.027
logical_properties,transitions,531,24.027
custom_properties,logical_properties,530,23.982
fixed_position,logical_properties,528,23.891
scroll_behavior,user_select,527,23.846
grid,scroll_behavior,525,23.756
font_face,logical_properties,525,23.756
clamp_min_max,sticky_position,524,23.71
grid,masks,522,23.62
clamp_min_max,clip_path,522,23.62
focus_visible,gradients,522,23.62
shadows,supports_queries,521,23.575
blend_modes,sticky_position,520,23.529
dynamic_viewport_units,transform_3d,518,23.439
overscroll_behavior,sticky_position,517,23.394
focus_visible,user_select,516,23.348
filter_effects,font_features,515,23.303
aspect_ratio,interaction_media_queries,513,23.213
filter_effects,interaction_media_queries,513,23.213
animations,supports_queries,513,23.213
keyframes,supports_queries,513,23.213
aspect_ratio,is_where_selectors,512,23.167
clamp_min_max,dynamic_viewport_units,510,23.077
filter_effects,svg_data_uri,509,23.032
masks,user_select,508,22.986
backdrop_filter,custom_scrollbars,507,22.941
aspect_ratio,backdrop_filter,503,22.76
focus_visible,gap,503,22.76
interaction_media_queries,transform_3d,502,22.715
grid,perspective,502,22.715
grid,logical_properties,501,22.67
gradients,scroll_behavior,500,22.624
custom_properties,supports_queries,497,22.489
custom_scrollbars,is_where_selectors,496,22.443
logical_properties,shadows,496,22.443
is_where_selectors,will_change,495,22.398
clip_path,overscroll_behavior,495,22.398
sticky_position,svg_data_uri,493,22.308
filter_effects,perspective,492,22.262
clamp_min_max,overscroll_behavior,491,22.217
gap,scroll_behavior,491,22.217
gap,masks,490,22.172
animations,logical_properties,489,22.127
backdrop_filter,will_change,488,22.081
keyframes,logical_properties,488,22.081
blend_modes,clip_path,487,22.036
gap,logical_properties,487,22.036
logical_properties,object_fit_position,487,22.036
aspect_ratio,touch_action,484,21.9
custom_scrollbars,svg_data_uri,483,21.855
backdrop_filter,sticky_position,482,21.81
blend_modes,overscroll_behavior,480,21.719
flexbox,has_selector,479,21.674
has_selector,transforms,479,21.674
clip_path,touch_action,479,21.674
has_selector,media_queries,478,21.629
has_selector,transitions,478,21.629
aspect_ratio,selection_marker_styling,477,21.584
backdrop_filter,transform_3d,477,21.584
clamp_min_max,interaction_media_queries,476,21.538
gradients,logical_properties,476,21.538
font_features,will_change,475,21.493
interaction_media_queries,overscroll_behavior,475,21.493
overscroll_behavior,selection_marker_styling,473,21.403
is_where_selectors,sticky_position,473,21.403
gap,svg_data_uri,473,21.403
gradients,supports_queries,471,21.312
has_selector,pointer_events,468,21.176
grid,supports_queries,468,21.176
blend_modes,selection_marker_styling,467,21.131
object_fit_position,supports_queries,466,21.086
supports_queries,user_select,464,20.995
custom_properties,has_selector,464,20.995
clip_path,dynamic_viewport_units,464,20.995
custom_scrollbars,scroll_behavior,463,20.95
selection_marker_styling,sticky_position,461,20.86
blend_modes,clamp_min_max,459,20.769
interaction_media_queries,sticky_position,459,20.769
clip_path,is_where_selectors,458,20.724
sticky_position,touch_action,458,20.724
dynamic_viewport_units,interaction_media_queries,457,20.679
aspect_ratio,font_features,456,20.633
fixed_position,has_selector,456,20.633
is_where_selectors,transform_3d,456,20.633
aspect_ratio,focus_visible,455,20.588
overscroll_behavior,scroll_behavior,453,20.498
font_face,has_selector,453,20.498
has_selector,shadows,453,20.498
svg_data_uri,will_change,453,20.498
animations,has_selector,451,20.407
clip_path,selection_marker_styling,451,20.407
aspect_ratio,scroll_behavior,447,20.226
filter_effects,scroll_behavior,447,20.226
gap,supports_queries,447,20.226
has_selector,keyframes,447,20.226
backdrop_filter,dynamic_viewport_units,446,20.181
blend_modes,dynamic_viewport_units,446,20.181
logical_properties,user_select,446,20.181
clip_path,interaction_media_queries,446,20.181
clamp_min_max,selection_marker_styling,445,20.136
filter_effects,masks,445,20.136
custom_scrollbars,focus_visible,445,20.136
filter_effects,focus_visible,445,20.136
clamp_min_max,is_where_selectors,444,20.09
scroll_behavior,will_change,443,20.045
custom_scrollbars,perspective,443,20.045
masks,transform_3d,443,20.045
grid,has_selector,442,20.0
selection_marker_styling,touch_action,441,19.955
perspective,will_change,440,19.91
gap,perspective,439,19.864
masks,will_change,437,19.774
focus_visible,will_change,436,19.729
has_selector,object_fit_position,433,19.593
aspect_ratio,svg_data_uri,433,19.593
dynamic_viewport_units,is_where_selectors,431,19.502
custom_scrollbars,logical_properties,431,19.502
clamp_min_max,touch_action,430,19.457
focus_visible,sticky_position,427,19.321
custom_scrollbars,font_features,426,19.276
focus_visible,transform_3d,422,19.095
blend_modes,touch_action,420,19.005
gradients,has_selector,417,18.869
backdrop_filter,clamp_min_max,416,18.824
filter_effects,logical_properties,416,18.824
custom_scrollbars,masks,414,18.733
interaction_media_queries,selection_marker_styling,414,18.733
overscroll_behavior,touch_action,413,18.688
scroll_behavior,transform_3d,413,18.688
gap,has_selector,413,18.688
backdrop_filter,clip_path,413,18.688
font_features,transform_3d,412,18.643
aspect_ratio,masks,408,18.462
aspect_ratio,logical_properties,406,18.371
dynamic_viewport_units,selection_marker_styling,405,18.326
font_features,sticky_position,403,18.235
backdrop_filter,blend_modes,401,18.145
clip_path,svg_data_uri,400,18.1
clamp_min_max,focus_visible,399,18.054
blend_modes,interaction_media_queries,399,18.054
clip_path,masks,397,17.964
is_where_selectors,overscroll_behavior,395,17.873
scroll_behavior,sticky_position,395,17.873
has_selector,user_select,394,17.828
filter_effects,supports_queries,394,17.828
interaction_media_queries,touch_action,389,17.602
supports_queries,will_change,389,17.602
clamp_min_max,font_features,388,17.557
custom_scrollbars,supports_queries,388,17.557
dynamic_viewport_units,scroll_behavior,386,17.466
backdrop_filter,overscroll_behavior,385,17.421
clip_path,focus_visible,385,17.421
aspect_ratio,perspective,384,17.376
logical_properties,sticky_position,383,17.33
perspective,touch_action,383,17.33
logical_properties,transform_3d,382,17.285
backdrop_filter,interaction_media_queries,381,17.24
backdrop_filter,is_where_selectors,381,17.24
clamp_min_max,masks,381,17.24
blend_modes,is_where_selectors,381,17.24
masks,sticky_position,381,17.24
logical_properties,will_change,380,17.195
aspect_ratio,has_selector,379,17.149
blend_modes,svg_data_uri,379,17.149
dynamic_viewport_units,touch_action,378,17.104
clamp_min_max,logical_properties,377,17.059
is_where_selectors,touch_action,376,17.014
font_features,is_where_selectors,375,16.968
clamp_min_max,has_selector,371,16.787
svg_data_uri,touch_action,371,16.787
filter_effects,has_selector,369,16.697
interaction_media_queries,is_where_selectors,368,16.652
dynamic_viewport_units,focus_visible,368,16.652
dynamic_viewport_units,font_features,365,16.516
font_features,touch_action,365,16.516
custom_scrollbars,has_selector,364,16.471
perspective,sticky_position,362,16.38
is_where_selectors,selection_marker_styling,358,16.199
selection_marker_styling,svg_data_uri,358,16.199
focus_visible,touch_action,358,16.199
flexbox,prefers_reduced_motion,357,16.154
font_features,overscroll_behavior,357,16.154
media_queries,prefers_reduced_motion,357,16.154
prefers_reduced_motion,transforms,357,16.154
prefers_reduced_motion,transitions,357,16.154
supports_queries,transform_3d,357,16.154
clip_path,scroll_behavior,357,16.154
has_selector,will_change,357,16.154
sticky_position,supports_queries,357,16.154
focus_visible,is_where_selectors,356,16.109
focus_visible,svg_data_uri,356,16.109
logical_properties,touch_action,356,16.109
fixed_position,prefers_reduced_motion,353,15.973
aspect_ratio,supports_queries,353,15.973
flexbox,variable_fonts,352,15.928
blend_modes,scroll_behavior,351,15.882
media_queries,variable_fonts,351,15.882
clip_path,logical_properties,351,15.882
backdrop_filter,touch_action,350,15.837
pointer_events,prefers_reduced_motion,350,15.837
clamp_min_max,scroll_behavior,349,15.792
flexbox,scroll_snap,349,15.792
font_face,scroll_snap,349,15.792
pointer_events,scroll_snap,349,15.792
scroll_snap,transforms,349,15.792
scroll_snap,transitions,349,15.792
media_queries,scroll_snap,348,15.747
clip_path,perspective,348,15.747
is_where_selectors,logical_properties,348,15.747
backdrop_filter,selection_marker_styling,347,15.701
custom_properties,variable_fonts,347,15.701
pointer_events,variable_fonts,347,15.701
transforms,variable_fonts,347,15.701
fixed_position,scroll_snap,344,15.566
fixed_position,variable_fonts,344,15.566
keyframes,prefers_reduced_motion,343,15.52
custom_properties,scroll_snap,343,15.52
animations,prefers_reduced_motion,342,15.475
transitions,variable_fonts,342,15.475
clamp_min_max,svg_data_uri,342,15.475
has_selector,sticky_position,341,15.43
object_fit_position,scroll_snap,341,15.43
font_face,variable_fonts,339,15.339
blend_modes,perspective,339,15.339
is_where_selectors,svg_data_uri,339,15.339
prefers_reduced_motion,shadows,338,15.294
blend_modes,font_features,338,15.294
custom_scrollbars,scroll_snap,338,15.294
dynamic_viewport_units,svg_data_uri,337,15.249
font_face,prefers_reduced_motion,336,15.204
keyframes,scroll_snap,336,15.204
perspective,selection_marker_styling,336,15.204
custom_properties,prefers_reduced_motion,335,15.158
scroll_behavior,selection_marker_styling,335,15.158
clamp_min_max,supports_queries,335,15.158
animations,scroll_snap,335,15.158
clip_path,font_features,335,15.158
font_features,interaction_media_queries,334,15.113
supports_queries,touch_action,333,15.068
shadows,variable_fonts,333,15.068
backdrop_filter,svg_data_uri,333,15.068
font_features,selection_marker_styling,332,15.023
masks,touch_action,332,15.023
masks,overscroll_behavior,331,14.977
blend_modes,masks,331,14.977
dynamic_viewport_units,logical_properties,330,14.932
overscroll_behavior,perspective,329,14.887
backdrop_filter,focus_visible,329,14.887
gradients,scroll_snap,329,14.887
scroll_snap,shadows,328,14.842
clip_path,supports_queries,328,14.842
object_fit_position,prefers_reduced_motion,326,14.751
backdrop_filter,masks,325,14.706
interaction_media_queries,scroll_behavior,325,14.706
dynamic_viewport_units,masks,324,14.661
scroll_behavior,touch_action,324,14.661
gap,variable_fonts,324,14.661
grid,variable_fonts,324,14.661
blend_modes,focus_visible,324,14.661
clip_path,has_selector,324,14.661
overscroll_behavior,svg_data_uri,323,14.615
grid,prefers_reduced_motion,322,14.57
has_selector,transform_3d,322,14.57
dynamic_viewport_units,has_selector,321,14.525
focus_visible,overscroll_behavior,321,14.525
focus_visible,selection_marker_styling,321,14.525
masks,svg_data_uri,321,14.525
focus_visible,interaction_media_queries,321,14.525
gap,prefers_reduced_motion,320,14.48
interaction_media_queries,masks,320,14.48
grid,scroll_snap,320,14.48
focus_visible,logical_properties,318,14.389
is_where_selectors,masks,317,14.344
gradients,prefers_reduced_motion,316,14.299
masks,selection_marker_styling,316,14.299
perspective,svg_data_uri,316,14.299
object_fit_position,variable_fonts,315,14.253
backdrop_filter,font_features,313,14.163
backdrop_filter,logical_properties,310,14.027
backdrop_filter,scroll_behavior,309,13.982
has_selector,is_where_selectors,309,13.982
scroll_snap,user_select,304,13.756
interaction_media_queries,logical_properties,303,13.71
filter_effects,scroll_snap,302,13.665
gap,scroll_snap,302,13.665
dynamic_viewport_units,perspective,302,13.665
is_where_selectors,scroll_behavior,299,13.529
focus_visible,has_selector,299,13.529
is_where_selectors,supports_queries,299,13.529
scroll_snap,transform_3d,297,13.439
prefers_reduced_motion,user_select,296,13.394
clamp_min_max,perspective,296,13.394
focus_visible,supports_queries,296,13.394
logical_properties,overscroll_behavior,295,13.348
animations,variable_fonts,292,13.213
keyframes,variable_fonts,292,13.213
aspect_ratio,variable_fonts,286,12.941
font_features,variable_fonts,286,12.941
user_select,variable_fonts,286,12.941
focus_visible,masks,284,12.851
has_selector,interaction_media_queries,284,12.851
backdrop_filter,has_selector,283,12.805
is_where_selectors,variable_fonts,283,12.805
blend_modes,logical_properties,283,12.805
blend_modes,supports_queries,282,12.76
supports_queries,svg_data_uri,282,12.76
filter_effects,variable_fonts,281,12.715
interaction_media_queries,supports_queries,280,12.67
scroll_behavior,svg_data_uri,279,12.624
focus_visible,font_features,279,12.624
scroll_snap,touch_action,279,12.624
backdrop_filter,supports_queries,279,12.624
gradients,variable_fonts,277,12.534
filter_effects,prefers_reduced_motion,276,12.489
backdrop_filter,perspective,276,12.489
has_selector,overscroll_behavior,275,12.443
logical_properties,supports_queries,275,12.443
selection_marker_styling,supports_queries,274,12.398
is_where_selectors,perspective,274,12.398
font_features,supports_queries,274,12.398
logical_properties,selection_marker_styling,273,12.353
font_features,logical_properties,270,12.217
has_selector,touch_action,270,12.217
interaction_media_queries,perspective,270,12.217
has_selector,logical_properties,269,12.172
aspect_ratio,scroll_snap,267,12.081
masks,supports_queries,264,11.946
focus_visible,scroll_behavior,263,11.9
logical_properties,svg_data_uri,262,11.855
sticky_position,variable_fonts,261,11.81
interaction_media_queries,svg_data_uri,261,11.81
has_selector,masks,260,11.765
dynamic_viewport_units,supports_queries,259,11.719
has_selector,svg_data_uri,259,11.719
media_queries,text_stroke,259,11.719
variable_fonts,will_change,259,11.719
pointer_events,text_stroke,258,11.674
text_stroke,transforms,258,11.674
prefers_reduced_motion,sticky_position,258,11.674
blend_modes,has_selector,257,11.629
clip_path,prefers_reduced_motion,257,11.629
flexbox,text_stroke,256,11.584
logical_properties,masks,256,11.584
font_features,scroll_behavior,255,11.538
fixed_position,multi_column,255,11.538
media_queries,multi_column,255,11.538
prefers_reduced_motion,transform_3d,255,11.538
prefers_reduced_motion,will_change,254,11.493
multi_column,transforms,254,11.493
multi_column,transitions,254,11.493
fixed_position,text_stroke,254,11.493
scroll_snap,will_change,253,11.448
custom_scrollbars,prefers_reduced_motion,252,11.403
logical_properties,perspective,252,11.403
has_selector,supports_queries,252,11.403
flexbox,text_wrap_balance_pretty,251,11.357
media_queries,text_wrap_balance_pretty,251,11.357
text_wrap_balance_pretty,transforms,251,11.357
dynamic_viewport_units,variable_fonts,251,11.357
flexbox,multi_column,251,11.357
text_stroke,transitions,251,11.357
fixed_position,text_wrap_balance_pretty,250,11.312
pointer_events,text_wrap_balance_pretty,250,11.312
text_wrap_balance_pretty,transitions,250,11.312
multi_column,pointer_events,250,11.312
font_face,text_stroke,250,11.312
font_face,text_wrap_balance_pretty,249,11.267
font_features,masks,248,11.222
focus_visible,perspective,247,11.176
perspective,scroll_behavior,247,11.176
font_face,multi_column,246,11.131
logical_properties,scroll_behavior,246,11.131
custom_properties,text_wrap_balance_pretty,245,11.086
has_selector,selection_marker_styling,245,11.086
scroll_snap,sticky_position,244,11.041
logical_properties,scroll_snap,242,10.95
aspect_ratio,prefers_reduced_motion,241,10.905
grid,text_wrap_balance_pretty,241,10.905
gap,multi_column,241,10.905
object_fit_position,text_wrap_balance_pretty,240,10.86
masks,scroll_behavior,239,10.814
overscroll_behavior,supports_queries,239,10.814
clamp_min_max,variable_fonts,239,10.814
clamp_min_max,prefers_reduced_motion,238,10.769
custom_scrollbars,variable_fonts,238,10.769
masks,perspective,238,10.769
focus_visible,prefers_reduced_motion,238,10.769
animations,text_wrap_balance_pretty,237,10.724
keyframes,text_wrap_balance_pretty,237,10.724
keyframes,multi_column,237,10.724
multi_column,shadows,237,10.724
perspective,scroll_snap,237,10.724
clip_path,scroll_snap,237,10.724
font_features,has_selector,235,10.633
shadows,text_wrap_balance_pretty,234,10.588
aspect_ratio,text_wrap_balance_pretty,233,10.543
text_stroke,user_select,232,10.498
font_features,perspective,232,10.498
animations,multi_column,230,10.407
multi_column,object_fit_position,230,10.407
font_features,svg_data_uri,228,10.317
shadows,text_stroke,227,10.271
clamp_min_max,scroll_snap,225,10.181
keyframes,text_stroke,224,10.136
is_where_selectors,prefers_reduced_motion,223,10.09
dynamic_viewport_units,scroll_snap,222,10.045
animations,text_stroke,222,10.045
multi_column,user_select,221,10.0
dynamic_viewport_units,text_wrap_balance_pretty,220,9.955
gap,text_wrap_balance_pretty,219,9.91
text_wrap_balance_pretty,user_select,218,9.864
blend_modes,variable_fonts,218,9.864
overscroll_behavior,variable_fonts,218,9.864
prefers_reduced_motion,touch_action,215,9.729
has_selector,scroll_behavior,215,9.729
gradients,multi_column,215,9.729
transform_3d,variable_fonts,214,9.683
prefers_reduced_motion,svg_data_uri,214,9.683
custom_properties,multi_column,210,9.502
gradients,text_stroke,208,9.412
gradients,text_wrap_balance_pretty,207,9.367
interaction_media_queries,variable_fonts,207,9.367
object_fit_position,text_stroke,206,9.321
custom_properties,text_stroke,204,9.231
grid,multi_column,203,9.186
backdrop_filter,prefers_reduced_motion,202,9.14
backdrop_filter,variable_fonts,202,9.14
filter_effects,multi_column,201,9.095
custom_scrollbars,text_wrap_balance_pretty,200,9.05
scroll_behavior,supports_queries,200,9.05
is_where_selectors,scroll_snap,199,9.005
text_stroke,transform_3d,199,9.005
focus_visible,scroll_snap,196,8.869
overscroll_behavior,scroll_snap,196,8.869
sticky_position,text_wrap_balance_pretty,195,8.824
grid,text_stroke,195,8.824
interaction_media_queries,scroll_snap,195,8.824
clamp_min_max,text_wrap_balance_pretty,193,8.733
flexbox,writing_modes,193,8.733
media_queries,writing_modes,193,8.733
blend_modes,scroll_snap,192,8.688
multi_column,transform_3d,192,8.688
filter_effects,text_wrap_balance_pretty,191,8.643
overscroll_behavior,text_wrap_balance_pretty,191,8.643
transforms,writing_modes,191,8.643
backdrop_filter,scroll_snap,191,8.643
logical_properties,prefers_reduced_motion,191,8.643
masks,prefers_reduced_motion,190,8.597
clip_path,variable_fonts,190,8.597
multi_column,will_change,189,8.552
transitions,writing_modes,188,8.507
fixed_position,writing_modes,187,8.462
pointer_events,writing_modes,186,8.416
has_selector,prefers_reduced_motion,186,8.416
perspective,supports_queries,186,8.416
has_selector,perspective,185,8.371
interaction_media_queries,prefers_reduced_motion,184,8.326
text_wrap_balance_pretty,will_change,183,8.281
prefers_reduced_motion,selection_marker_styling,182,8.235
font_face,writing_modes,181,8.19
blend_modes,prefers_reduced_motion,181,8.19
prefers_reduced_motion,supports_queries,181,8.19
scroll_behavior,scroll_snap,180,8.145
clip_path,text_wrap_balance_pretty,180,8.145
prefers_reduced_motion,scroll_behavior,179,8.1
color_mix,custom_properties,179,8.1
color_mix,flexbox,179,8.1
color_mix,media_queries,179,8.1
color_mix,transitions,178,8.054
containment,pointer_events,177,8.009
containment,transitions,177,8.009
scroll_snap,selection_marker_styling,177,8.009
containment,flexbox,176,7.964
containment,media_queries,176,7.964
is_where_selectors,text_wrap_balance_pretty,176,7.964
color_mix,fixed_position,176,7.964
color_mix,transforms,176,7.964
containment,fixed_position,175,7.919
dynamic_viewport_units,prefers_reduced_motion,175,7.919
color_mix,pointer_events,175,7.919
containment,transforms,174,7.873
color_mix,font_face,174,7.873
touch_action,variable_fonts,174,7.873
animations,writing_modes,172,7.783
keyframes,writing_modes,172,7.783
color_mix,grid,172,7.783
overscroll_behavior,prefers_reduced_motion,171,7.738
custom_scrollbars,text_stroke,171,7.738
text_stroke,will_change,171,7.738
color_mix,shadows,169,7.647
scroll_snap,svg_data_uri,169,7.647
containment,font_face,168,7.602
font_features,scroll_snap,168,7.602
color_mix,object_fit_position,168,7.602
interaction_media_queries,text_wrap_balance_pretty,167,7.557
shadows,writing_modes,167,7.557
logical_properties,variable_fonts,167,7.557
object_fit_position,writing_modes,166,7.511
text_wrap_balance_pretty,transform_3d,166,7.511
selection_marker_styling,variable_fonts,163,7.376
aspect_ratio,color_mix,163,7.376
container_queries,flexbox,162,7.33
container_queries,media_queries,162,7.33
container_queries,transitions,162,7.33
filter_effects,text_stroke,162,7.33
containment,object_fit_position,161,7.285
custom_scrollbars,multi_column,161,7.285
containment,shadows,160,7.24
animations,color_mix,160,7.24
animations,containment,159,7.195
containment,keyframes,159,7.195
custom_properties,writing_modes,159,7.195
selection_marker_styling,text_wrap_balance_pretty,159,7.195
container_queries,transforms,159,7.195
color_mix,keyframes,158,7.149
focus_visible,text_wrap_balance_pretty,158,7.149
color_mix,gap,158,7.149
container_queries,shadows,157,7.104
has_selector,scroll_snap,157,7.104
color_mix,gradients,157,7.104
color_mix,is_where_selectors,157,7.104
backdrop_filter,text_wrap_balance_pretty,156,7.059
containment,custom_properties,156,7.059
containment,user_select,156,7.059
gradients,writing_modes,156,7.059
container_queries,keyframes,156,7.059
color_mix,dynamic_viewport_units,156,7.059
containment,grid,155,7.014
grid,writing_modes,155,7.014
animations,container_queries,155,7.014
gap,text_stroke,155,7.014
user_select,writing_modes,154,6.968
container_queries,pointer_events,154,6.968
focus_visible,variable_fonts,154,6.968
masks,scroll_snap,154,6.968
container_queries,custom_properties,153,6.923
blend_modes,text_stroke,153,6.923
multi_column,sticky_position,152,6.878
multi_column,touch_action,152,6.878
containment,gap,151,6.833
clamp_min_max,container_queries,151,6.833
container_queries,font_face,151,6.833
font_features,prefers_reduced_motion,150,6.787
aspect_ratio,multi_column,149,6.742
color_mix,user_select,149,6.742
multi_column,svg_data_uri,148,6.697
container_queries,grid,147,6.652
color_mix,sticky_position,147,6.652
color_mix,filter_effects,147,6.652
containment,gradients,146,6.606
scroll_behavior,text_wrap_balance_pretty,146,6.606
scroll_behavior,variable_fonts,145,6.561
masks,variable_fonts,145,6.561
containment,will_change,144,6.516
has_selector,variable_fonts,144,6.516
gap,writing_modes,143,6.471
has_selector,text_wrap_balance_pretty,143,6.471
clamp_min_max,color_mix,143,6.471
aspect_ratio,text_stroke,143,6.471
blend_modes,text_wrap_balance_pretty,142,6.425
container_queries,fixed_position,142,6.425
supports_queries,variable_fonts,142,6.425
container_queries,gradients,140,6.335
perspective,prefers_reduced_motion,140,6.335
clip_path,multi_column,139,6.29
color_mix,will_change,138,6.244
logical_properties,text_wrap_balance_pretty,138,6.244
color_mix,interaction_media_queries,136,6.154
container_queries,has_selector,135,6.109
will_change,writing_modes,134,6.063
container_queries,object_fit_position,134,6.063
transform_3d,writing_modes,134,6.063
filter_effects,writing_modes,133,6.018
color_mix,custom_scrollbars,133,6.018
custom_scrollbars,writing_modes,132,5.973
masks,text_wrap_balance_pretty,132,5.973
blend_modes,multi_column,132,5.973
scroll_snap,supports_queries,132,5.973
aspect_ratio,containment,130,5.882
font_features,text_wrap_balance_pretty,129,5.837
multi_column,selection_marker_styling,129,5.837
clip_path,color_mix,129,5.837
svg_data_uri,text_wrap_balance_pretty,129,5.837
aspect_ratio,container_queries,127,5.747
selection_marker_styling,text_stroke,127,5.747
color_mix,focus_visible,126,5.701
color_mix,logical_properties,126,5.701
text_wrap_balance_pretty,touch_action,125,5.656
clamp_min_max,multi_column,125,5.656
containment,custom_scrollbars,124,5.611
flexbox,prefers_contrast_forced_colors,124,5.611
media_queries,prefers_contrast_forced_colors,124,5.611
prefers_contrast_forced_colors,shadows,124,5.611
prefers_contrast_forced_colors,transforms,124,5.611
container_queries,gap,124,5.611
color_mix,overscroll_behavior,124,5.611
clamp_min_max,text_stroke,124,5.611
svg_data_uri,text_stroke,124,5.611
backdrop_filter,color_mix,124,5.611
containment,filter_effects,123,5.566
clip_path,text_stroke,123,5.566
prefers_contrast_forced_colors,transitions,122,5.52
sticky_position,text_stroke,122,5.52
svg_data_uri,variable_fonts,122,5.52
animations,prefers_contrast_forced_colors,121,5.475
keyframes,prefers_contrast_forced_colors,121,5.475
container_queries,filter_effects,121,5.475
color_mix,has_selector,121,5.475
color_mix,font_features,121,5.475
focus_visible,multi_column,121,5.475
containment,transform_3d,120,5.43
clip_path,writing_modes,119,5.385
clamp_min_max,containment,118,5.339
container_queries,user_select,118,5.339
clip_path,containment,118,5.339
container_queries,custom_scrollbars,117,5.294
overscroll_behavior,text_stroke,116,5.249
containment,sticky_position,116,5.249
backdrop_filter,multi_column,115,5.204
container_queries,sticky_position,115,5.204
clamp_min_max,writing_modes,114,5.158
prefers_reduced_motion,scroll_snap,114,5.158
pointer_events,prefers_contrast_forced_colors,113,5.113
is_where_selectors,multi_column,113,5.113
color_mix,transform_3d,113,5.113
perspective,variable_fonts,113,5.113
multi_column,supports_queries,113,5.113
sticky_position,writing_modes,113,5.113
interaction_media_queries,multi_column,112,5.068
container_queries,will_change,111,5.023
containment,dynamic_viewport_units,110,4.977
grid,prefers_contrast_forced_colors,110,4.977
masks,multi_column,110,4.977
text_stroke,touch_action,110,4.977
custom_properties,prefers_contrast_forced_colors,108,4.887
font_face,prefers_contrast_forced_colors,108,4.887
blend_modes,color_mix,108,4.887
containment,interaction_media_queries,107,4.842
text_wrap_balance_pretty,variable_fonts,107,4.842
container_queries,supports_queries,107,4.842
aspect_ratio,writing_modes,106,4.796
containment,overscroll_behavior,106,4.796
containment,touch_action,106,4.796
gradients,prefers_contrast_forced_colors,106,4.796
selection_marker_styling,writing_modes,106,4.796
color_mix,masks,106,4.796
color_mix,selection_marker_styling,106,4.796
color_mix,variable_fonts,106,4.796
multi_column,perspective,106,4.796
flexbox,prefers_color_scheme,105,4.751
media_queries,prefers_color_scheme,105,4.751
container_queries,dynamic_viewport_units,105,4.751
prefers_color_scheme,transforms,104,4.706
container_queries,focus_visible,104,4.706
container_queries,logical_properties,104,4.706
color_mix,supports_queries,104,4.706
fixed_position,prefers_contrast_forced_colors,103,4.661
font_features,multi_column,103,4.661
perspective,text_stroke,103,4.661
clamp_min_max,prefers_contrast_forced_colors,102,4.615
fixed_position,prefers_color_scheme,102,4.615
pointer_events,prefers_color_scheme,102,4.615
prefers_color_scheme,transitions,102,4.615
grid,prefers_color_scheme,101,4.57
container_queries,transform_3d,101,4.57
is_where_selectors,writing_modes,100,4.525
supports_queries,text_wrap_balance_pretty,100,4.525
custom_properties,prefers_color_scheme,99,4.48
interaction_media_queries,writing_modes,99,4.48
container_queries,is_where_selectors,99,4.48
cascade_layers,custom_properties,99,4.48
cascade_layers,flexbox,99,4.48
cascade_layers,media_queries,99,4.48
cascade_layers,transitions,99,4.48
touch_action,writing_modes,98,4.434
masks,text_stroke,98,4.434
multi_column,overscroll_behavior,98,4.434
cascade_layers,transforms,98,4.434
dynamic_viewport_units,multi_column,97,4.389
cascade_layers,fixed_position,97,4.389
backdrop_filter,containment,96,4.344
filter_effects,prefers_contrast_forced_colors,96,4.344
font_face,prefers_color_scheme,96,4.344
prefers_color_scheme,shadows,96,4.344
clip_path,container_queries,96,4.344
perspective,text_wrap_balance_pretty,96,4.344
font_features,text_stroke,96,4.344
cascade_layers,gap,96,4.344
cascade_layers,pointer_events,96,4.344
has_selector,prefers_contrast_forced_colors,96,4.344
containment,is_where_selectors,95,4.299
containment,selection_marker_styling,95,4.299
gap,prefers_contrast_forced_colors,95,4.299
object_fit_position,prefers_color_scheme,95,4.299
scroll_snap,variable_fonts,95,4.299
color_mix,svg_data_uri,95,4.299
color_mix,text_wrap_balance_pretty,95,4.299
has_selector,multi_column,94,4.253
color_mix,touch_action,94,4.253
cascade_layers,font_face,94,4.253
cascade_layers,grid,94,4.253
dynamic_viewport_units,text_stroke,94,4.253
gradients,prefers_color_scheme,93,4.208
object_fit_position,prefers_contrast_forced_colors,93,4.208
prefers_color_scheme,user_select,93,4.208
container_queries,masks,93,4.208
cascade_layers,is_where_selectors,93,4.208
cascade_layers,shadows,93,4.208
blend_modes,writing_modes,93,4.208
backdrop_filter,text_stroke,93,4.208
blend_modes,containment,93,4.208
prefers_contrast_forced_colors,supports_queries,93,4.208
backdrop_filter,writing_modes,92,4.163
keyframes,prefers_color_scheme,92,4.163
masks,writing_modes,92,4.163
multi_column,scroll_behavior,92,4.163
logical_properties,multi_column,92,4.163
prefers_contrast_forced_colors,user_select,91,4.118
backdrop_filter,container_queries,91,4.118
containment,focus_visible,91,4.118
svg_data_uri,writing_modes,91,4.118
animations,prefers_color_scheme,90,4.072
blend_modes,container_queries,90,4.072
animations,cascade_layers,90,4.072
cascade_layers,keyframes,90,4.072
cascade_layers,logical_properties,90,4.072
supports_queries,text_stroke,89,4.027
supports_queries,writing_modes,89,4.027
cascade_layers,object_fit_position,89,4.027
scroll_snap,text_wrap_balance_pretty,88,3.982
container_queries,svg_data_uri,88,3.982
container_queries,interaction_media_queries,88,3.982
focus_visible,writing_modes,88,3.982
prefers_color_scheme,will_change,87,3.937
container_queries,font_features,87,3.937
container_queries,selection_marker_styling,87,3.937
color_mix,scroll_behavior,87,3.937
overscroll_behavior,writing_modes,86,3.891
aspect_ratio,subgrid,86,3.891
custom_properties,subgrid,86,3.891
flexbox,subgrid,86,3.891
font_face,subgrid,86,3.891
grid,subgrid,86,3.891
media_queries,subgrid,86,3.891
pointer_events,subgrid,86,3.891
aspect_ratio,cascade_layers,86,3.891
cascade_layers,dynamic_viewport_units,86,3.891
cascade_layers,interaction_media_queries,86,3.891
logical_properties,writing_modes,86,3.891
containment,supports_queries,86,3.891
gap,prefers_color_scheme,85,3.846
prefers_reduced_motion,text_wrap_balance_pretty,85,3.846
containment,masks,84,3.801
container_query_units,fixed_position,84,3.801
container_query_units,flexbox,84,3.801
container_query_units,media_queries,84,3.801
container_query_units,pointer_events,84,3.801
container_query_units,transitions,84,3.801
is_where_selectors,text_stroke,84,3.801
containment,has_selector,84,3.801
container_query_units,custom_properties,83,3.756
container_query_units,font_face,83,3.756
subgrid,transforms,83,3.756
containment,font_features,82,3.71
container_query_units,grid,82,3.71
container_query_units,object_fit_position,82,3.71
container_queries,overscroll_behavior,82,3.71
container_queries,touch_action,82,3.71
cascade_layers,filter_effects,82,3.71
cascade_layers,font_features,82,3.71
cascade_layers,gradients,82,3.71
cascade_layers,supports_queries,82,3.71
containment,svg_data_uri,82,3.71
custom_scrollbars,prefers_color_scheme,81,3.665
container_query_units,transforms,81,3.665
clamp_min_max,subgrid,81,3.665
fixed_position,subgrid,81,3.665
multi_column,prefers_reduced_motion,81,3.665
cascade_layers,sticky_position,81,3.665
custom_scrollbars,prefers_contrast_forced_colors,80,3.62
dynamic_viewport_units,writing_modes,80,3.62
prefers_contrast_forced_colors,will_change,80,3.62
container_query_units,shadows,80,3.62
interaction_media_queries,text_stroke,80,3.62
container_query_units,keyframes,79,3.575
scroll_behavior,text_stroke,79,3.575
color_mix,prefers_reduced_motion,79,3.575
prefers_reduced_motion,variable_fonts,79,3.575
aspect_ratio,prefers_color_scheme,78,3.529
font_features,prefers_contrast_forced_colors,78,3.529
animations,container_query_units,78,3.529
aspect_ratio,container_query_units,78,3.529
custom_scrollbars,subgrid,78,3.529
subgrid,user_select,78,3.529
cascade_layers,custom_scrollbars,78,3.529
cascade_layers,variable_fonts,78,3.529
focus_visible,text_stroke,78,3.529
aspect_ratio,prefers_contrast_forced_colors,77,3.484
shadows,subgrid,77,3.484
sticky_position,subgrid,77,3.484
cascade_layers,color_mix,77,3.484
cascade_layers,user_select,77,3.484
container_query_units,dynamic_viewport_units,76,3.439
subgrid,transitions,76,3.439
containment,logical_properties,76,3.439
containment,scroll_behavior,75,3.394
animations,subgrid,75,3.394
keyframes,subgrid,75,3.394
gap,subgrid,75,3.394
prefers_contrast_forced_colors,sticky_position,75,3.394
clamp_min_max,container_query_units,74,3.348
container_query_units,custom_scrollbars,74,3.348
container_query_units,user_select,74,3.348
backdrop_filter,cascade_layers,74,3.348
font_features,writing_modes,73,3.303
is_where_selectors,prefers_color_scheme,73,3.303
scroll_behavior,writing_modes,73,3.303
container_query_units,gradients,73,3.303
object_fit_position,subgrid,73,3.303
subgrid,will_change,73,3.303
logical_properties,text_stroke,73,3.303
cascade_layers,clamp_min_max,73,3.303
containment,perspective,72,3.258
filter_effects,prefers_color_scheme,71,3.213
multi_column,scroll_snap,71,3.213
logical_properties,prefers_contrast_forced_colors,71,3.213
cascade_layers,will_change,70,3.167
container_queries,container_query_units,69,3.122
container_query_units,gap,69,3.122
container_query_units,sticky_position,69,3.122
gradients,subgrid,69,3.122
prefers_color_scheme,sticky_position,69,3.122
has_selector,writing_modes,69,3.122
prefers_contrast_forced_colors,transform_3d,69,3.122
clamp_min_max,prefers_color_scheme,68,3.077
masks,prefers_contrast_forced_colors,68,3.077
color_mix,perspective,68,3.077
cascade_layers,clip_path,68,3.077
cascade_layers,overscroll_behavior,68,3.077
container_queries,prefers_contrast_forced_colors,68,3.077
container_queries,text_wrap_balance_pretty,67,3.032
logical_properties,subgrid,67,3.032
perspective,writing_modes,67,3.032
focus_visible,prefers_contrast_forced_colors,67,3.032
blend_modes,container_query_units,66,2.986
container_query_units,has_selector,66,2.986
container_query_units,is_where_selectors,66,2.986
container_query_units,will_change,66,2.986
backdrop_filter,prefers_color_scheme,65,2.941
prefers_contrast_forced_colors,touch_action,65,2.941
prefers_contrast_forced_colors,svg_data_uri,65,2.941
dynamic_viewport_units,prefers_color_scheme,64,2.896
interaction_media_queries,prefers_color_scheme,64,2.896
container_query_units,focus_visible,64,2.896
masks,subgrid,64,2.896
cascade_layers,focus_visible,64,2.896
backdrop_filter,prefers_contrast_forced_colors,63,2.851
container_queries,scroll_behavior,63,2.851
has_selector,subgrid,63,2.851
container_queries,variable_fonts,62,2.805
blend_modes,prefers_color_scheme,62,2.805
container_query_units,transform_3d,62,2.805
overscroll_behavior,subgrid,62,2.805
overscroll_behavior,prefers_color_scheme,61,2.76
prefers_reduced_motion,writing_modes,61,2.76
clip_path,container_query_units,61,2.76
color_mix,scroll_snap,61,2.76
is_where_selectors,prefers_contrast_forced_colors,60,2.715
backdrop_filter,container_query_units,60,2.715
container_query_units,filter_effects,60,2.715
focus_visible,subgrid,60,2.715
prefers_color_scheme,transform_3d,60,2.715
clip_path,subgrid,59,2.67
color_mix,container_queries,59,2.67
container_query_units,masks,59,2.67
dynamic_viewport_units,subgrid,59,2.67
prefers_color_scheme,svg_data_uri,59,2.67
cascade_layers,has_selector,59,2.67
clip_path,prefers_color_scheme,58,2.624
container_query_units,overscroll_behavior,58,2.624
is_where_selectors,subgrid,58,2.624
css_nesting,transitions,58,2.624
containment,prefers_reduced_motion,57,2.579
css_nesting,media_queries,57,2.579
css_nesting,pointer_events,57,2.579
css_nesting,transforms,57,2.579
container_query_units,logical_properties,57,2.579
blend_modes,cascade_layers,57,2.579
subgrid,supports_queries,56,2.534
css_nesting,fixed_position,56,2.534
logical_properties,prefers_color_scheme,56,2.534
has_selector,text_stroke,56,2.534
prefers_color_scheme,selection_marker_styling,55,2.489
container_query_units,selection_marker_styling,55,2.489
container_query_units,svg_data_uri,55,2.489
subgrid,transform_3d,55,2.489
text_stroke,variable_fonts,55,2.489
css_nesting,keyframes,55,2.489
container_query_units,interaction_media_queries,55,2.489
interaction_media_queries,prefers_contrast_forced_colors,54,2.443
blend_modes,subgrid,54,2.443
animations,css_nesting,54,2.443
css_nesting,flexbox,54,2.443
css_nesting,font_face,54,2.443
css_nesting,shadows,54,2.443
interaction_media_queries,subgrid,54,2.443
cascade_layers,selection_marker_styling,54,2.443
font_features,subgrid,53,2.398
backdrop_filter,subgrid,53,2.398
filter_effects,subgrid,53,2.398
container_queries,prefers_reduced_motion,53,2.398
cascade_layers,touch_action,53,2.398
clip_path,prefers_contrast_forced_colors,53,2.398
multi_column,variable_fonts,52,2.353
container_queries,perspective,52,2.353
subgrid,text_wrap_balance_pretty,52,2.353
blend_modes,prefers_contrast_forced_colors,52,2.353
font_features,prefers_color_scheme,50,2.262
masks,prefers_color_scheme,50,2.262
prefers_contrast_forced_colors,prefers_reduced_motion,50,2.262
has_selector,prefers_color_scheme,50,2.262
subgrid,variable_fonts,50,2.262
css_nesting,custom_properties,50,2.262
css_nesting,object_fit_position,50,2.262
cascade_layers,scroll_behavior,50,2.262
prefers_color_scheme,touch_action,49,2.217
css_nesting,user_select,49,2.217
container_queries,scroll_snap,48,2.172
focus_visible,prefers_color_scheme,48,2.172
css_nesting,grid,48,2.172
cascade_layers,text_wrap_balance_pretty,48,2.172
custom_properties,oklch_oklab,48,2.172
flexbox,oklch_oklab,48,2.172
media_queries,oklch_oklab,48,2.172
container_query_units,text_wrap_balance_pretty,47,2.127
container_query_units,touch_action,47,2.127
fixed_position,oklch_oklab,47,2.127
font_face,oklch_oklab,47,2.127
gap,oklch_oklab,47,2.127
oklch_oklab,pointer_events,47,2.127
oklch_oklab,shadows,47,2.127
oklch_oklab,transforms,47,2.127
oklch_oklab,transitions,47,2.127
scroll_snap,text_stroke,47,2.127
prefers_color_scheme,scroll_behavior,46,2.081
subgrid,svg_data_uri,46,2.081
css_nesting,gradients,46,2.081
font_features,oklch_oklab,46,2.081
is_where_selectors,oklch_oklab,46,2.081
logical_properties,oklch_oklab,46,2.081
containment,text_wrap_balance_pretty,45,2.036
dynamic_viewport_units,prefers_contrast_forced_colors,45,2.036
fixed_position,fluid_letter_spacing,45,2.036
flexbox,fluid_letter_spacing,45,2.036
fluid_letter_spacing,media_queries,45,2.036
fluid_letter_spacing,pointer_events,45,2.036
fluid_letter_spacing,transforms,45,2.036
fluid_letter_spacing,transitions,45,2.036
grid,oklch_oklab,45,2.036
color_mix,container_query_units,44,1.991
css_nesting,filter_effects,44,1.991
css_nesting,transform_3d,44,1.991
cascade_layers,scroll_snap,44,1.991
cascade_layers,transform_3d,44,1.991
custom_properties,fluid_letter_spacing,44,1.991
fluid_letter_spacing,font_face,44,1.991
animations,oklch_oklab,44,1.991
object_fit_position,oklch_oklab,44,1.991
containment,scroll_snap,44,1.991
scroll_snap,writing_modes,44,1.991
selection_marker_styling,subgrid,43,1.946
container_query_units,supports_queries,43,1.946
cascade_layers,masks,43,1.946
aspect_ratio,oklch_oklab,43,1.946
dynamic_viewport_units,oklch_oklab,43,1.946
filter_effects,oklch_oklab,43,1.946
keyframes,oklch_oklab,43,1.946
oklch_oklab,variable_fonts,43,1.946
container_queries,subgrid,42,1.9
aspect_ratio,css_nesting,42,1.9
variable_fonts,writing_modes,42,1.9
fluid_letter_spacing,shadows,42,1.9
fluid_letter_spacing,gap,42,1.9
prefers_contrast_forced_colors,scroll_snap,42,1.9
color_mix,oklch_oklab,42,1.9
gradients,oklch_oklab,42,1.9
interaction_media_queries,oklch_oklab,42,1.9
oklch_oklab,sticky_position,42,1.9
prefers_contrast_forced_colors,selection_marker_styling,41,1.855
container_query_units,font_features,41,1.855
prefers_color_scheme,supports_queries,41,1.855
fluid_letter_spacing,keyframes,41,1.855
prefers_reduced_motion,text_stroke,41,1.855
cascade_layers,prefers_reduced_motion,41,1.855
subgrid,touch_action,41,1.855
css_nesting,is_where_selectors,40,1.81
css_nesting,sticky_position,40,1.81
animations,fluid_letter_spacing,40,1.81
fluid_letter_spacing,grid,40,1.81
cascade_layers,oklch_oklab,40,1.81
multi_column,text_stroke,40,1.81
perspective,prefers_color_scheme,39,1.765
fluid_letter_spacing,object_fit_position,39,1.765
overscroll_behavior,prefers_contrast_forced_colors,38,1.719
prefers_color_scheme,prefers_contrast_forced_colors,38,1.719
container_query_units,scroll_behavior,38,1.719
multi_column,text_wrap_balance_pretty,38,1.719
css_nesting,custom_scrollbars,38,1.719
css_nesting,gap,38,1.719
aspect_ratio,fluid_letter_spacing,38,1.719
fluid_letter_spacing,gradients,38,1.719
fluid_letter_spacing,user_select,38,1.719
oklch_oklab,overscroll_behavior,38,1.719
containment,variable_fonts,38,1.719
color_mix,subgrid,37,1.674
css_nesting,dynamic_viewport_units,37,1.674
prefers_color_scheme,variable_fonts,37,1.674
custom_scrollbars,fluid_letter_spacing,37,1.674
backdrop_filter,oklch_oklab,37,1.674
oklch_oklab,user_select,37,1.674
content_visibility,fixed_position,37,1.674
content_visibility,flexbox,37,1.674
content_visibility,font_face,37,1.674
content_visibility,media_queries,37,1.674
content_visibility,pointer_events,37,1.674
content_visibility,transforms,37,1.674
content_visibility,transitions,37,1.674
prefers_contrast_forced_colors,scroll_behavior,36,1.629
scroll_behavior,subgrid,36,1.629
clamp_min_max,fluid_letter_spacing,36,1.629
fluid_letter_spacing,will_change,36,1.629
prefers_contrast_forced_colors,variable_fonts,36,1.629
animations,content_visibility,36,1.629
content_visibility,keyframes,36,1.629
content_visibility,user_select,36,1.629
blend_modes,css_nesting,35,1.584
css_nesting,will_change,35,1.584
custom_properties,view_transitions,35,1.584
flexbox,view_transitions,35,1.584
font_face,view_transitions,35,1.584
gap,view_transitions,35,1.584
media_queries,view_transitions,35,1.584
pointer_events,view_transitions,35,1.584
clamp_min_max,oklch_oklab,35,1.584
custom_scrollbars,oklch_oklab,35,1.584
oklch_oklab,supports_queries,35,1.584
content_visibility,custom_properties,35,1.584
content_visibility,will_change,35,1.584
container_query_units,perspective,34,1.538
css_nesting,has_selector,34,1.538
filter_effects,fluid_letter_spacing,34,1.538
animations,view_transitions,34,1.538
fixed_position,view_transitions,34,1.538
transforms,view_transitions,34,1.538
transitions,view_transitions,34,1.538
content_visibility,grid,34,1.538
cascade_layers,svg_data_uri,34,1.538
has_selector,oklch_oklab,34,1.538
prefers_color_scheme,text_wrap_balance_pretty,33,1.493
css_nesting,logical_properties,33,1.493
text_stroke,writing_modes,33,1.493
fluid_letter_spacing,sticky_position,33,1.493
clip_path,fluid_letter_spacing,33,1.493
keyframes,view_transitions,33,1.493
object_fit_position,view_transitions,33,1.493
prefers_reduced_motion,subgrid,33,1.493
content_visibility,object_fit_position,33,1.493
oklch_oklab,will_change,33,1.493
prefers_contrast_forced_colors,text_wrap_balance_pretty,32,1.448
text_wrap_balance_pretty,writing_modes,32,1.448
clamp_min_max,css_nesting,32,1.448
css_nesting,svg_data_uri,32,1.448
clip_path,css_nesting,32,1.448
container_query_units,prefers_reduced_motion,32,1.448
multi_column,writing_modes,32,1.448
aspect_ratio,view_transitions,32,1.448
grid,view_transitions,32,1.448
cascade_layers,container_queries,32,1.448
focus_visible,oklch_oklab,32,1.448
content_visibility,custom_scrollbars,32,1.448
content_visibility,shadows,32,1.448
perspective,prefers_contrast_forced_colors,32,1.448
color_mix,prefers_color_scheme,31,1.403
container_queries,prefers_color_scheme,31,1.403
css_nesting,focus_visible,31,1.403
css_nesting,selection_marker_styling,31,1.403
prefers_color_scheme,scroll_snap,31,1.403
backdrop_filter,fluid_letter_spacing,31,1.403
fluid_letter_spacing,interaction_media_queries,31,1.403
fluid_letter_spacing,transform_3d,31,1.403
oklch_oklab,selection_marker_styling,31,1.403
content_visibility,gap,31,1.403
container_query_units,variable_fonts,30,1.357
color_mix,multi_column,30,1.357
css_nesting,touch_action,30,1.357
container_queries,containment,30,1.357
dynamic_viewport_units,fluid_letter_spacing,30,1.357
clip_path,view_transitions,30,1.357
aspect_ratio,content_visibility,30,1.357
content_visibility,gradients,30,1.357
scroll_snap,subgrid,30,1.357
container_queries,multi_column,29,1.312
aspect_ratio,popover_anchor_positioning,29,1.312
custom_properties,popover_anchor_positioning,29,1.312
flexbox,popover_anchor_positioning,29,1.312
font_face,popover_anchor_positioning,29,1.312
grid,popover_anchor_positioning,29,1.312
logical_properties,popover_anchor_positioning,29,1.312
media_queries,popover_anchor_positioning,29,1.312
pointer_events,popover_anchor_positioning,29,1.312
backdrop_filter,css_nesting,29,1.312
fluid_letter_spacing,is_where_selectors,29,1.312
clamp_min_max,view_transitions,29,1.312
dynamic_viewport_units,view_transitions,29,1.312
shadows,view_transitions,29,1.312
clip_path,content_visibility,29,1.312
container_query_units,scroll_snap,28,1.267
container_query_units,subgrid,28,1.267
custom_scrollbars,popover_anchor_positioning,28,1.267
gap,popover_anchor_positioning,28,1.267
css_nesting,perspective,28,1.267
fluid_letter_spacing,selection_marker_styling,28,1.267
filter_effects,view_transitions,28,1.267
is_where_selectors,view_transitions,28,1.267
user_select,view_transitions,28,1.267
blend_modes,oklch_oklab,28,1.267
clip_path,oklch_oklab,28,1.267
oklch_oklab,scroll_behavior,28,1.267
color_mix,containment,28,1.267
multi_column,prefers_contrast_forced_colors,28,1.267
clamp_min_max,popover_anchor_positioning,27,1.222
popover_anchor_positioning,supports_queries,27,1.222
popover_anchor_positioning,user_select,27,1.222
text_stroke,text_wrap_balance_pretty,27,1.222
css_nesting,masks,27,1.222
cascade_layers,perspective,27,1.222
blend_modes,fluid_letter_spacing,27,1.222
fluid_letter_spacing,font_features,27,1.222
fluid_letter_spacing,overscroll_behavior,27,1.222
blend_modes,view_transitions,27,1.222
oklch_oklab,text_wrap_balance_pretty,27,1.222
oklch_oklab,transform_3d,27,1.222
clamp_min_max,content_visibility,27,1.222
content_visibility,focus_visible,27,1.222
prefers_color_scheme,prefers_reduced_motion,26,1.176
popover_anchor_positioning,sticky_position,26,1.176
popover_anchor_positioning,transforms,26,1.176
subgrid,text_stroke,26,1.176
fluid_letter_spacing,has_selector,26,1.176
custom_scrollbars,view_transitions,26,1.176
gradients,view_transitions,26,1.176
containment,multi_column,26,1.176
content_visibility,transform_3d,26,1.176
containment,writing_modes,25,1.131
prefers_color_scheme,subgrid,25,1.131
popover_anchor_positioning,will_change,25,1.131
multi_column,prefers_color_scheme,25,1.131
color_mix,writing_modes,25,1.131
fluid_letter_spacing,touch_action,25,1.131
sticky_position,view_transitions,25,1.131
masks,oklch_oklab,25,1.131
oklch_oklab,prefers_reduced_motion,25,1.131
oklch_oklab,touch_action,25,1.131
backdrop_filter,content_visibility,25,1.131
content_visibility,filter_effects,25,1.131
content_visibility,has_selector,25,1.131
content_visibility,sticky_position,25,1.131
content_visibility,touch_action,25,1.131
content_visibility,interaction_media_queries,25,1.131
custom_properties,display_p3,24,1.086
custom_scrollbars,display_p3,24,1.086
display_p3,flexbox,24,1.086
display_p3,font_face,24,1.086
display_p3,gap,24,1.086
display_p3,grid,24,1.086
display_p3,media_queries,24,1.086
display_p3,pointer_events,24,1.086
fixed_position,popover_anchor_positioning,24,1.086
popover_anchor_positioning,variable_fonts,24,1.086
css_nesting,overscroll_behavior,24,1.086
css_nesting,scroll_behavior,24,1.086
containment,text_stroke,24,1.086
fluid_letter_spacing,focus_visible,24,1.086
interaction_media_queries,view_transitions,24,1.086
overscroll_behavior,view_transitions,24,1.086
content_visibility,font_features,24,1.086
aspect_ratio,display_p3,23,1.041
popover_anchor_positioning,subgrid,23,1.041
color_mix,text_stroke,23,1.041
fluid_letter_spacing,logical_properties,23,1.041
fluid_letter_spacing,masks,23,1.041
content_visibility,is_where_selectors,23,1.041
transform_3d,view_transitions,23,1.041
containment,prefers_contrast_forced_colors,22,0.995
display_p3,user_select,22,0.995
display_p3,will_change,22,0.995
font_features,popover_anchor_positioning,22,0.995
css_nesting,interaction_media_queries,22,0.995
css_nesting,text_wrap_balance_pretty,22,0.995
container_queries,text_stroke,22,0.995
fluid_letter_spacing,perspective,22,0.995
focus_visible,view_transitions,22,0.995
has_selector,view_transitions,22,0.995
view_transitions,will_change,22,0.995
color_mix,prefers_contrast_forced_colors,22,0.995
masks,view_transitions,22,0.995
content_visibility,supports_queries,22,0.995
popover_anchor_positioning,shadows,22,0.995
css_nesting,supports_queries,22,0.995
blend_modes,content_visibility,22,0.995
clamp_min_max,display_p3,21,0.95
display_p3,logical_properties,21,0.95
display_p3,sticky_position,21,0.95
display_p3,supports_queries,21,0.95
display_p3,transforms,21,0.95
fluid_letter_spacing,prefers_reduced_motion,21,0.95
fluid_letter_spacing,supports_queries,21,0.95
content_visibility,dynamic_viewport_units,21,0.95
content_visibility,logical_properties,21,0.95
oklch_oklab,scroll_snap,21,0.95
prefers_contrast_forced_colors,subgrid,21,0.95
content_visibility,masks,21,0.95
content_visibility,selection_marker_styling,21,0.95
container_query_units,prefers_color_scheme,20,0.905
blend_modes,popover_anchor_positioning,20,0.905
masks,popover_anchor_positioning,20,0.905
popover_anchor_positioning,text_stroke,20,0.905
supports_queries,view_transitions,20,0.905
content_visibility,overscroll_behavior,20,0.905
gradients,popover_anchor_positioning,20,0.905
popover_anchor_positioning,transitions,20,0.905
display_p3,fixed_position,19,0.86
display_p3,font_features,19,0.86
display_p3,variable_fonts,19,0.86
css_nesting,font_features,19,0.86
css_nesting,variable_fonts,19,0.86
css_nesting,scroll_snap,19,0.86
container_queries,writing_modes,19,0.86
container_query_units,containment,19,0.86
fluid_letter_spacing,scroll_behavior,19,0.86
backdrop_filter,view_transitions,19,0.86
logical_properties,view_transitions,19,0.86
animations,popover_anchor_positioning,19,0.86
keyframes,popover_anchor_positioning,19,0.86
containment,prefers_color_scheme,18,0.814
display_p3,subgrid,18,0.814
display_p3,text_stroke,18,0.814
css_nesting,prefers_reduced_motion,18,0.814
cascade_layers,prefers_contrast_forced_colors,18,0.814
text_wrap_balance_pretty,view_transitions,18,0.814
touch_action,view_transitions,18,0.814
content_visibility,scroll_behavior,18,0.814
cascade_layers,containment,18,0.814
has_selector,popover_anchor_positioning,18,0.814
object_fit_position,popover_anchor_positioning,18,0.814
content_visibility,svg_data_uri,18,0.814
prefers_color_scheme,writing_modes,17,0.769
perspective,subgrid,17,0.769
display_p3,popover_anchor_positioning,17,0.769
popover_anchor_positioning,transform_3d,17,0.769
color_mix,css_nesting,17,0.769
fluid_letter_spacing,scroll_snap,17,0.769
variable_fonts,view_transitions,17,0.769
container_queries,oklch_oklab,17,0.769
oklch_oklab,svg_data_uri,17,0.769
container_queries,popover_anchor_positioning,17,0.769
container_query_units,prefers_contrast_forced_colors,17,0.769
content_visibility,prefers_reduced_motion,17,0.769
scroll_snap,view_transitions,16,0.724
scroll_behavior,view_transitions,16,0.724
cascade_layers,container_query_units,16,0.724
cascade_layers,subgrid,16,0.724
content_visibility,scroll_snap,16,0.724
containment,subgrid,16,0.724
multi_column,subgrid,16,0.724
display_p3,shadows,16,0.724
prefers_contrast_forced_colors,text_stroke,16,0.724
oklch_oklab,perspective,16,0.724
cascade_layers,multi_column,15,0.679
cascade_layers,prefers_color_scheme,15,0.679
prefers_color_scheme,text_stroke,15,0.679
fluid_letter_spacing,svg_data_uri,15,0.679
fluid_letter_spacing,variable_fonts,15,0.679
font_features,view_transitions,15,0.679
prefers_reduced_motion,view_transitions,15,0.679
display_p3,transitions,15,0.679
display_p3,masks,14,0.633
popover_anchor_positioning,svg_data_uri,14,0.633
container_queries,css_nesting,14,0.633
color_mix,view_transitions,14,0.633
selection_marker_styling,view_transitions,14,0.633
containment,content_visibility,14,0.633
display_p3,gradients,14,0.633
svg_data_uri,view_transitions,14,0.633
is_where_selectors,popover_anchor_positioning,14,0.633
content_visibility,perspective,14,0.633
display_p3,transform_3d,13,0.588
animations,lab_lch,13,0.588
animations,scroll_driven_animation,13,0.588
aspect_ratio,lab_lch,13,0.588
aspect_ratio,scroll_driven_animation,13,0.588
clamp_min_max,scroll_driven_animation,13,0.588
color_mix,lab_lch,13,0.588
custom_properties,lab_lch,13,0.588
custom_properties,scroll_driven_animation,13,0.588
custom_scrollbars,lab_lch,13,0.588
dynamic_viewport_units,lab_lch,13,0.588
dynamic_viewport_units,scroll_driven_animation,13,0.588
filter_effects,lab_lch,13,0.588
fixed_position,lab_lch,13,0.588
fixed_position,scroll_driven_animation,13,0.588
flexbox,lab_lch,13,0.588
flexbox,scroll_driven_animation,13,0.588
focus_visible,lab_lch,13,0.588
font_face,lab_lch,13,0.588
font_face,scroll_driven_animation,13,0.588
font_features,lab_lch,13,0.588
gap,lab_lch,13,0.588
gap,scroll_driven_animation,13,0.588
grid,lab_lch,13,0.588
grid,scroll_driven_animation,13,0.588
interaction_media_queries,lab_lch,13,0.588
is_where_selectors,lab_lch,13,0.588
keyframes,lab_lch,13,0.588
keyframes,scroll_driven_animation,13,0.588
lab_lch,logical_properties,13,0.588
lab_lch,media_queries,13,0.588
lab_lch,object_fit_position,13,0.588
lab_lch,pointer_events,13,0.588
lab_lch,shadows,13,0.588
lab_lch,transforms,13,0.588
lab_lch,transitions,13,0.588
lab_lch,variable_fonts,13,0.588
media_queries,scroll_driven_animation,13,0.588
pointer_events,scroll_driven_animation,13,0.588
scroll_driven_animation,shadows,13,0.588
scroll_driven_animation,transforms,13,0.588
scroll_driven_animation,transitions,13,0.588
cascade_layers,view_transitions,13,0.588
animations,display_p3,13,0.588
display_p3,keyframes,13,0.588
focus_visible,popover_anchor_positioning,13,0.588
container_query_units,multi_column,12,0.543
blend_modes,display_p3,12,0.543
display_p3,overscroll_behavior,12,0.543
blend_modes,scroll_driven_animation,12,0.543
cascade_layers,lab_lch,12,0.543
clip_path,lab_lch,12,0.543
filter_effects,scroll_driven_animation,12,0.543
is_where_selectors,scroll_driven_animation,12,0.543
lab_lch,supports_queries,12,0.543
object_fit_position,scroll_driven_animation,12,0.543
scroll_driven_animation,supports_queries,12,0.543
container_query_units,text_stroke,12,0.543
lab_lch,sticky_position,12,0.543
container_query_units,oklch_oklab,12,0.543
oklch_oklab,subgrid,12,0.543
display_p3,object_fit_position,12,0.543
popover_anchor_positioning,prefers_contrast_forced_colors,12,0.543
popover_anchor_positioning,touch_action,12,0.543
interaction_media_queries,popover_anchor_positioning,12,0.543
prefers_contrast_forced_colors,writing_modes,11,0.498
overscroll_behavior,popover_anchor_positioning,11,0.498
container_query_units,css_nesting,11,0.498
css_nesting,subgrid,11,0.498
clamp_min_max,lab_lch,11,0.498
clip_path,scroll_driven_animation,11,0.498
focus_visible,scroll_driven_animation,11,0.498
gradients,lab_lch,11,0.498
gradients,scroll_driven_animation,11,0.498
lab_lch,touch_action,11,0.498
lab_lch,user_select,11,0.498
backdrop_filter,lab_lch,11,0.498
scroll_driven_animation,sticky_position,11,0.498
backdrop_filter,popover_anchor_positioning,11,0.498
filter_effects,popover_anchor_positioning,11,0.498
lab_lch,overscroll_behavior,10,0.452
lab_lch,will_change,10,0.452
logical_properties,scroll_driven_animation,10,0.452
scroll_driven_animation,transform_3d,10,0.452
cascade_layers,writing_modes,10,0.452
container_query_units,writing_modes,10,0.452
lab_lch,text_wrap_balance_pretty,10,0.452
container_queries,view_transitions,10,0.452
container_query_units,view_transitions,10,0.452
oklch_oklab,prefers_contrast_forced_colors,10,0.452
has_selector,scroll_driven_animation,10,0.452
content_visibility,multi_column,10,0.452
clip_path,popover_anchor_positioning,10,0.452
css_nesting,prefers_color_scheme,9,0.407
css_nesting,multi_column,9,0.407
blend_modes,lab_lch,9,0.407
custom_scrollbars,scroll_driven_animation,9,0.407
interaction_media_queries,scroll_driven_animation,9,0.407
lab_lch,transform_3d,9,0.407
overscroll_behavior,scroll_driven_animation,9,0.407
cascade_layers,text_stroke,9,0.407
lab_lch,selection_marker_styling,9,0.407
prefers_contrast_forced_colors,view_transitions,9,0.407
containment,view_transitions,9,0.407
content_visibility,prefers_contrast_forced_colors,9,0.407
content_visibility,text_wrap_balance_pretty,9,0.407
perspective,view_transitions,9,0.407
backdrop_filter,scroll_driven_animation,9,0.407
scroll_driven_animation,text_wrap_balance_pretty,9,0.407
prefers_reduced_motion,scroll_driven_animation,9,0.407
popover_anchor_positioning,scroll_snap,9,0.407
display_p3,scroll_behavior,8,0.362
display_p3,svg_data_uri,8,0.362
popover_anchor_positioning,selection_marker_styling,8,0.362
popover_anchor_positioning,text_wrap_balance_pretty,8,0.362
font_features,scroll_driven_animation,8,0.362
scroll_driven_animation,touch_action,8,0.362
scroll_driven_animation,user_select,8,0.362
scroll_driven_animation,variable_fonts,8,0.362
scroll_driven_animation,will_change,8,0.362
containment,fluid_letter_spacing,8,0.362
fluid_letter_spacing,multi_column,8,0.362
lab_lch,prefers_reduced_motion,8,0.362
container_queries,display_p3,8,0.362
display_p3,has_selector,8,0.362
display_p3,touch_action,8,0.362
containment,oklch_oklab,8,0.362
oklch_oklab,writing_modes,8,0.362
display_p3,focus_visible,8,0.362
display_p3,filter_effects,8,0.362
cascade_layers,popover_anchor_positioning,8,0.362
popover_anchor_positioning,prefers_color_scheme,8,0.362
popover_anchor_positioning,scroll_behavior,7,0.317
color_mix,scroll_driven_animation,7,0.317
lab_lch,scroll_snap,7,0.317
has_selector,lab_lch,7,0.317
display_p3,prefers_contrast_forced_colors,7,0.317
oklch_oklab,prefers_color_scheme,7,0.317
css_nesting,writing_modes,7,0.317
fluid_letter_spacing,text_wrap_balance_pretty,7,0.317
multi_column,oklch_oklab,7,0.317
subgrid,view_transitions,7,0.317
masks,scroll_driven_animation,7,0.317
scroll_driven_animation,svg_data_uri,7,0.317
scroll_driven_animation,selection_marker_styling,7,0.317
scroll_behavior,scroll_driven_animation,7,0.317
dynamic_viewport_units,popover_anchor_positioning,7,0.317
display_p3,selection_marker_styling,6,0.271
lab_lch,perspective,6,0.271
perspective,scroll_driven_animation,6,0.271
cascade_layers,fluid_letter_spacing,6,0.271
color_mix,fluid_letter_spacing,6,0.271
lab_lch,scroll_behavior,6,0.271
container_queries,lab_lch,6,0.271
subgrid,writing_modes,6,0.271
color_mix,content_visibility,6,0.271
container_query_units,content_visibility,6,0.271
content_visibility,subgrid,6,0.271
container_queries,scroll_driven_animation,6,0.271
text_stroke,view_transitions,6,0.271
css_nesting,text_stroke,6,0.271
display_p3,dynamic_viewport_units,6,0.271
display_p3,interaction_media_queries,6,0.271
fluid_letter_spacing,prefers_contrast_forced_colors,6,0.271
color_mix,popover_anchor_positioning,6,0.271
popover_anchor_positioning,prefers_reduced_motion,6,0.271
css_nesting,prefers_contrast_forced_colors,6,0.271
content_visibility,text_stroke,6,0.271
content_visibility,writing_modes,6,0.271
containment,popover_anchor_positioning,6,0.271
display_p3,text_wrap_balance_pretty,5,0.226
cascade_layers,scroll_driven_animation,5,0.226
scroll_driven_animation,scroll_snap,5,0.226
container_queries,fluid_letter_spacing,5,0.226
container_query_units,fluid_letter_spacing,5,0.226
fluid_letter_spacing,writing_modes,5,0.226
animations,motion_paths,5,0.226
aspect_ratio,motion_paths,5,0.226
custom_properties,motion_paths,5,0.226
custom_scrollbars,motion_paths,5,0.226
dynamic_viewport_units,motion_paths,5,0.226
filter_effects,motion_paths,5,0.226
fixed_position,motion_paths,5,0.226
flexbox,motion_paths,5,0.226
font_face,motion_paths,5,0.226
gap,motion_paths,5,0.226
gradients,motion_paths,5,0.226
keyframes,motion_paths,5,0.226
media_queries,motion_paths,5,0.226
motion_paths,object_fit_position,5,0.226
motion_paths,pointer_events,5,0.226
motion_paths,shadows,5,0.226
motion_paths,transforms,5,0.226
motion_paths,transitions,5,0.226
motion_paths,user_select,5,0.226
container_queries,content_visibility,5,0.226
display_p3,is_where_selectors,5,0.226
multi_column,view_transitions,5,0.226
clip_path,display_p3,5,0.226
backdrop_filter,display_p3,5,0.226
content_visibility,fluid_letter_spacing,5,0.226
fluid_letter_spacing,text_stroke,4,0.181
backdrop_filter,motion_paths,4,0.181
font_features,motion_paths,4,0.181
grid,motion_paths,4,0.181
has_selector,motion_paths,4,0.181
interaction_media_queries,motion_paths,4,0.181
motion_paths,will_change,4,0.181
lab_lch,svg_data_uri,4,0.181
cascade_layers,css_nesting,4,0.181
content_visibility,variable_fonts,4,0.181
motion_paths,sticky_position,4,0.181
scroll_driven_animation,text_stroke,4,0.181
oklch_oklab,text_stroke,4,0.181
containment,scroll_driven_animation,4,0.181
scroll_driven_animation,view_transitions,4,0.181
display_p3,perspective,4,0.181
perspective,popover_anchor_positioning,4,0.181
multi_column,scroll_driven_animation,3,0.136
fluid_letter_spacing,view_transitions,3,0.136
logical_properties,motion_paths,3,0.136
motion_paths,overscroll_behavior,3,0.136
motion_paths,scroll_behavior,3,0.136
lab_lch,masks,3,0.136
lab_lch,prefers_contrast_forced_colors,3,0.136
lab_lch,view_transitions,3,0.136
blend_modes,motion_paths,3,0.136
cascade_layers,content_visibility,3,0.136
clip_path,motion_paths,3,0.136
focus_visible,motion_paths,3,0.136
is_where_selectors,motion_paths,3,0.136
motion_paths,scroll_snap,3,0.136
motion_paths,supports_queries,3,0.136
motion_paths,text_wrap_balance_pretty,3,0.136
motion_paths,transform_3d,3,0.136
oklch_oklab,view_transitions,3,0.136
container_query_units,scroll_driven_animation,3,0.136
scroll_driven_animation,writing_modes,3,0.136
fluid_letter_spacing,subgrid,3,0.136
containment,display_p3,3,0.136
css_nesting,view_transitions,3,0.136
display_p3,view_transitions,3,0.136
css_nesting,scroll_driven_animation,3,0.136
scroll_driven_animation,subgrid,3,0.136
display_p3,prefers_reduced_motion,3,0.136
display_p3,scroll_snap,3,0.136
container_query_units,popover_anchor_positioning,3,0.136
display_p3,prefers_color_scheme,3,0.136
popover_anchor_positioning,view_transitions,3,0.136
css_nesting,oklch_oklab,3,0.136
content_visibility,prefers_color_scheme,3,0.136
multi_column,popover_anchor_positioning,3,0.136
lab_lch,multi_column,2,0.09
lab_lch,prefers_color_scheme,2,0.09
prefers_color_scheme,scroll_driven_animation,2,0.09
motion_paths,touch_action,2,0.09
container_query_units,lab_lch,2,0.09
prefers_color_scheme,view_transitions,2,0.09
clamp_min_max,motion_paths,2,0.09
container_queries,motion_paths,2,0.09
content_visibility,view_transitions,2,0.09
masks,motion_paths,2,0.09
motion_paths,svg_data_uri,2,0.09
motion_paths,variable_fonts,2,0.09
fluid_letter_spacing,oklch_oklab,2,0.09
containment,css_nesting,2,0.09
container_query_units,display_p3,2,0.09
cascade_layers,display_p3,2,0.09
css_nesting,display_p3,2,0.09
motion_paths,perspective,2,0.09
oklch_oklab,scroll_driven_animation,2,0.09
lab_lch,popover_anchor_positioning,2,0.09
motion_paths,selection_marker_styling,2,0.09
popover_anchor_positioning,scroll_driven_animation,2,0.09
lab_lch,scroll_driven_animation,1,0.045
containment,lab_lch,1,0.045
css_nesting,fluid_letter_spacing,1,0.045
fluid_letter_spacing,lab_lch,1,0.045
cascade_layers,motion_paths,1,0.045
color_mix,motion_paths,1,0.045
container_query_units,motion_paths,1,0.045
containment,motion_paths,1,0.045
content_visibility,motion_paths,1,0.045
content_visibility,oklch_oklab,1,0.045
motion_paths,oklch_oklab,1,0.045
motion_paths,prefers_contrast_forced_colors,1,0.045
motion_paths,prefers_reduced_motion,1,0.045
motion_paths,subgrid,1,0.045
motion_paths,view_transitions,1,0.045
motion_paths,text_stroke,1,0.045
fluid_letter_spacing,prefers_color_scheme,1,0.045
color_mix,display_p3,1,0.045
display_p3,oklch_oklab,1,0.045
display_p3,scroll_driven_animation,1,0.045
prefers_contrast_forced_colors,scroll_driven_animation,1,0.045
lab_lch,oklch_oklab,1,0.045
lab_lch,subgrid,1,0.045
lab_lch,text_stroke,1,0.045
oklch_oklab,popover_anchor_positioning,1,0.045
view_transitions,writing_modes,1,0.045
display_p3,multi_column,1,0.045
display_p3,writing_modes,1,0.045
fluid_letter_spacing,scroll_driven_animation,1,0.045
content_visibility,display_p3,1,0.045
css_nesting,popover_anchor_positioning,1,0.045
motion_paths,multi_column,1,0.045
motion_paths,writing_modes,1,0.045
popover_anchor_positioning,writing_modes,1,0.045
content_visibility,popover_anchor_positioning,1,0.045
content_visibility,scroll_driven_animation,1,0.045
